N	a	m	e
A	d	a	m	 	D	o	n	a	c	h	i	e
P	a	u	l	 	B	a	k	o
R	a	m	o	n	 	H	e	r	n	a	n	d	e	z
K	e	v	i	n	 	M	i	l	l	a	r
C	h	r	i	s	 	G	o	m	e	z
B	r	i	a	n	 	R	o	b	e	r	t	s
M	i	g	u	e	l	 	T	e	j	a	d	a
M	e	l	v	i	n	 	M	o	r	a
A	u	b	r	e	y	 	H	u	f	f
A	d	a	m	 	S	t	e	r	n
J	e	f	f	 	F	i	o	r	e	n	t	i	n	o
F	r	e	d	d	i	e	 	B	y	n	u	m
N	i	c	k	 	M	a	r	k	a	k	i	s
B	r	a	n	d	o	n	 	F	a	h	e	y
C	o	r	e	y	 	P	a	t	t	e	r	s	o	n
J	a	y	 	P	a	y	t	o	n
J	a	y	 	G	i	b	b	o	n	s
E	r	i	k	 	B	e	d	a	r	d
H	a	y	d	e	n	 	P	e	n	n
A	d	a	m	 	L	o	e	w	e	n
D	a	n	i	e	l	 	C	a	b	r	e	r	a
S	t	e	v	e	 	T	r	a	c	h	s	e	l
J	a	r	e	t	 	W	r	i	g	h	t
K	r	i	s	 	B	e	n	s	o	n
S	c	o	t	t	 	W	i	l	l	i	a	m	s	o	n
J	o	h	n	 	P	a	r	r	i	s	h
D	a	n	y	s	 	B	a	e	z
C	h	a	d	 	B	r	a	d	f	o	r	d
J	a	m	i	e	 	W	a	l	k	e	r
B	r	i	a	n	 	B	u	r	r	e	s
K	u	r	t	 	B	i	r	k	i	n	s
J	a	m	e	s	 	H	o	e	y
S	e	n	d	y	 	R	l	e	a	l
C	h	r	i	s	 	R	a	y
J	e	r	e	m	y	 	G	u	t	h	r	i	e
A	.	J	.	 	P	i	e	r	z	y	n	s	k	i
T	o	b	y	 	H	a	l	l
P	a	u	l	 	K	o	n	e	r	k	o
T	a	d	a	h	i	t	o	 	I	g	u	c	h	i
J	u	a	n	 	U	r	i	b	e
A	l	e	x	 	C	i	n	t	r	o	n
J	o	e	 	C	r	e	d	e
J	o	s	h	 	F	i	e	l	d	s
R	y	a	n	 	S	w	e	e	n	e	y
B	r	i	a	n	 	N	.	 	A	n	d	e	r	s	o	n
L	u	i	s	 	T	e	r	r	e	r	o
P	a	b	l	o	 	O	z	u	n	a
S	c	o	t	t	 	P	o	d	s	e	d	n	i	k
J	e	r	m	a	i	n	e	 	D	y	e
D	a	r	i	n	 	E	r	s	t	a	d
R	o	b	 	M	a	c	k	o	w	i	a	k
J	i	m	 	T	h	o	m	e
J	e	r	r	y	 	O	w	e	n	s
C	h	a	r	l	i	e	 	H	a	e	g	e	r
H	e	a	t	h	 	P	h	i	l	l	i	p	s
G	a	v	i	n	 	F	l	o	y	d
J	o	s	e	 	C	o	n	t	r	e	r	a	s
J	o	n	 	G	a	r	l	a	n	d
J	a	v	i	e	r	 	V	a	z	q	u	e	z
M	a	r	k	 	B	u	e	h	r	l	e
M	i	k	e	 	M	a	c	D	o	u	g	a	l
D	a	v	i	d	 	A	a	r	d	s	m	a
A	n	d	r	e	w	 	S	i	s	c	o
M	a	t	t	 	T	h	o	r	n	t	o	n
B	o	b	b	y	 	J	e	n	k	s
B	o	o	n	e	 	L	o	g	a	n
S	e	a	n	 	T	r	a	c	e	y
N	i	c	k	 	M	a	s	s	e	t
J	o	s	e	 	M	o	l	i	n	a
J	e	f	f	 	M	a	t	h	i	s
M	i	k	e	 	N	a	p	o	l	i
C	a	s	e	y	 	K	o	t	c	h	m	a	n
K	e	n	d	r	y	 	M	o	r	a	l	e	s
S	h	e	a	 	H	i	l	l	e	n	b	r	a	n	d
R	o	b	b	 	Q	u	i	n	l	a	n
H	o	w	i	e	 	K	e	n	d	r	i	c	k
O	r	l	a	n	d	o	 	C	a	b	r	e	r	a
E	r	i	c	k	 	A	y	b	a	r
D	a	l	l	a	s	 	M	c	P	h	e	r	s	o	n
M	a	i	c	e	r	 	I	z	t	u	r	i	s
R	e	g	g	i	e	 	W	i	l	l	i	t	s
T	o	m	m	y	 	M	u	r	p	h	y
T	e	r	r	y	 	E	v	a	n	s
G	a	r	y	 	M	a	t	t	h	e	w	s	 	J	r	.
G	a	r	r	e	t	 	A	n	d	e	r	s	o	n
V	l	a	d	i	m	i	r	 	G	u	e	r	r	e	r	o
C	h	o	n	e	 	F	i	g	g	i	n	s
J	u	a	n	 	R	i	v	e	r	a
J	o	h	n	 	L	a	c	k	e	y
B	a	r	t	o	l	o	 	C	o	l	o	n
K	e	l	v	i	m	 	E	s	c	o	b	a	r
D	u	s	t	i	n	 	M	o	s	e	l	e	y
E	r	v	i	n	 	S	a	n	t	a	n	a
J	o	e	 	S	a	u	n	d	e	r	s
J	e	r	e	d	 	W	e	a	v	e	r
C	h	r	i	s	 	R	e	s	o	p
P	h	i	l	 	S	e	i	b	e	l
J	u	s	t	i	n	 	S	p	e	i	e	r
D	a	r	r	e	n	 	O	l	i	v	e	r
H	e	c	t	o	r	 	C	a	r	r	a	s	c	o
S	c	o	t	 	S	h	i	e	l	d	s
F	r	a	n	c	i	s	c	o	 	R	o	d	r	i	g	u	e	z
G	r	e	g	 	J	o	n	e	s
D	o	u	g	 	M	i	r	a	b	e	l	l	i
J	a	s	o	n	 	V	a	r	i	t	e	k
G	e	o	r	g	e	 	K	o	t	t	a	r	a	s
K	e	v	i	n	 	Y	o	u	k	i	l	i	s
D	u	s	t	i	n	 	P	e	d	r	o	i	a
A	l	e	x	 	C	o	r	a
J	u	l	i	o	 	L	u	g	o
M	i	k	e	 	L	o	w	e	l	l
W	i	l	y	 	M	o	 	P	e	?	a
J	.	D	.	 	D	r	e	w
M	a	n	n	y	 	R	a	m	i	r	e	z
B	r	a	n	d	o	n	 	M	o	s	s
D	a	v	i	d	 	M	u	r	p	h	y
E	r	i	c	 	H	i	n	s	k	e
C	o	c	o	 	C	r	i	s	p
D	a	v	i	d	 	O	r	t	i	z
C	u	r	t	 	S	c	h	i	l	l	i	n	g
T	i	m	 	W	a	k	e	f	i	e	l	d
J	o	s	h	 	B	e	c	k	e	t	t
M	a	t	t	 	C	l	e	m	e	n	t
J	o	n	a	t	h	a	n	 	P	a	p	e	l	b	o	n
K	y	l	e	 	S	n	y	d	e	r
D	e	v	e	r	n	 	H	a	n	s	a	c	k
J	o	n	 	L	e	s	t	e	r
K	a	s	o	n	 	G	a	b	b	a	r	d
C	r	a	i	g	 	H	a	n	s	e	n
H	i	d	e	k	i	 	O	k	a	j	i	m	a
C	r	a	i	g	 	B	r	e	s	l	o	w
M	a	n	n	y	 	D	e	l	c	a	r	m	e	n
B	r	e	n	d	a	n	 	D	o	n	n	e	l	l	y
J	a	v	i	e	r	 	L	o	p	e	z
J	.	C	.	 	R	o	m	e	r	o
J	o	e	l	 	P	i	n	e	i	r	o
J	u	l	i	a	n	 	T	a	v	a	r	e	z
M	i	k	e	 	T	i	m	l	i	n
N	i	c	k	 	D	e	B	a	r	r
V	i	c	t	o	r	 	M	a	r	t	i	n	e	z
K	e	l	l	y	 	S	h	o	p	p	a	c	h
R	y	a	n	 	G	a	r	k	o
J	o	e	 	I	n	g	l	e	t	t
J	o	s	h	 	B	a	r	f	i	e	l	d
H	e	c	t	o	r	 	L	u	n	a
J	h	o	n	n	y	 	P	e	r	a	l	t	a
A	n	d	y	 	M	a	r	t	e
B	e	n	 	F	r	a	n	c	i	s	c	o
S	h	i	n	-	S	o	o	 	C	h	o	o
F	r	a	n	k	l	i	n	 	G	u	t	i	e	r	r	e	z
G	r	a	d	y	 	S	i	z	e	m	o	r	e
J	a	s	o	n	 	M	i	c	h	a	e	l	s
T	r	o	t	 	N	i	x	o	n
D	a	v	i	d	 	D	e	l	l	u	c	c	i
C	a	s	e	y	 	B	l	a	k	e
T	r	a	v	i	s	 	H	a	f	n	e	r
P	a	u	l	 	B	y	r	d
C	l	i	f	f	 	L	e	e
J	a	k	e	 	W	e	s	t	b	r	o	o	k
C	.	C	.	 	S	a	b	a	t	h	i	a
J	e	r	e	m	y	 	S	o	w	e	r	s
R	a	f	a	e	l	 	P	e	r	e	z
B	r	i	a	n	 	S	l	o	c	u	m
E	d	w	a	r	d	 	M	u	j	i	c	a
F	e	r	n	a	n	d	o	 	C	a	b	r	e	r	a
T	o	m	 	M	a	s	t	n	y
J	u	a	n	 	L	a	r	a
F	a	u	s	t	o	 	C	a	r	m	o	n	a
A	a	r	o	n	 	F	u	l	t	z
R	a	f	a	e	l	 	B	e	t	a	n	c	o	u	r	t
R	o	b	e	r	t	o	 	H	e	r	n	a	n	d	e	z
J	o	e	 	B	o	r	o	w	s	k	i
M	a	t	t	 	M	i	l	l	e	r
J	a	s	o	n	 	D	a	v	i	s
M	i	k	e	 	P	i	a	z	z	a
J	a	s	o	n	 	K	e	n	d	a	l	l
A	d	a	m	 	M	e	l	h	u	s	e
N	i	c	k	 	S	w	i	s	h	e	r
D	a	n	 	J	o	h	n	s	o	n
D	o	n	a	l	d	 	M	u	r	p	h	y
M	a	r	k	 	E	l	l	i	s
M	a	r	c	o	 	S	c	u	t	a	r	o
B	o	b	b	y	 	C	r	o	s	b	y
M	a	r	k	 	K	i	g	e	r
A	n	t	o	n	i	o	 	P	e	r	e	z
E	r	i	c	 	C	h	a	v	e	z
M	i	l	t	o	n	 	B	r	a	d	l	e	y
S	h	a	n	n	o	n	 	S	t	e	w	a	r	t
B	o	b	b	y	 	K	i	e	l	t	y
M	a	r	k	 	K	o	t	s	a	y
R	y	a	n	 	G	o	l	e	s	k	i
J	e	r	e	m	y	 	B	r	o	w	n
J	a	s	o	n	 	W	i	n	d	s	o	r
D	a	v	i	d	 	S	h	a	f	e	r
J	o	e	 	B	l	a	n	t	o	n
B	r	a	d	 	H	a	l	s	e	y
D	a	n	 	H	a	r	e	n
R	i	c	h	 	H	a	r	d	e	n
J	o	e	 	K	e	n	n	e	d	y
E	s	t	e	b	a	n	 	L	o	a	i	z	a
A	l	a	n	 	E	m	b	r	e	e
J	a	y	 	W	i	t	a	s	i	c	k
J	u	s	t	i	n	 	D	u	c	h	s	c	h	e	r	e	r
K	i	k	o	 	C	a	l	e	r	o
C	h	a	d	 	G	a	u	d	i	n
L	e	n	n	y	 	D	i	N	a	r	d	o
S	c	o	t	t	 	D	u	n	n
H	u	s	t	o	n	 	S	t	r	e	e	t
R	o	n	 	F	l	o	r	e	s
J	a	y	 	M	a	r	s	h	a	l	l
M	a	r	c	u	s	 	M	c	B	e	t	h
J	o	r	g	e	 	P	o	s	a	d	a
W	i	l	 	N	i	e	v	e	s
A	n	d	y	 	P	h	i	l	l	i	p	s
D	o	u	g	 	M	i	e	n	t	k	i	e	w	i	c	z
J	o	s	h	 	P	h	e	l	p	s
M	i	g	u	e	l	 	C	a	i	r	o
R	o	b	i	n	s	o	n	 	C	a	n	o
D	e	r	e	k	 	J	e	t	e	r
A	l	e	x	 	R	o	d	r	i	g	u	e	z
J	o	h	n	n	y	 	D	a	m	o	n
B	o	b	b	y	 	A	b	r	e	u
H	i	d	e	k	i	 	M	a	t	s	u	i
M	e	l	k	y	 	C	a	b	r	e	r	a
K	e	v	i	n	 	T	h	o	m	p	s	o	n
J	a	s	o	n	 	G	i	a	m	b	i
M	i	k	e	 	M	u	s	s	i	n	a
C	a	r	l	 	P	a	v	a	n	o
A	n	d	y	 	P	e	t	t	i	t	t	e
D	a	r	r	e	l	l	 	R	a	s	n	e	r
J	e	f	f	 	K	a	r	s	t	e	n	s
H	u	m	b	e	r	t	o	 	S	a	n	c	h	e	z
C	h	i	e	n	-	M	i	n	g	 	W	a	n	g
S	e	a	n	 	H	e	n	n
S	c	o	t	t	 	P	r	o	c	t	o	r
B	r	i	a	n	 	B	r	u	n	e	y
C	h	r	i	s	 	B	r	i	t	t	o	n
T	.	J	.	 	B	e	a	m
J	o	s	e	 	V	e	r	a	s
K	y	l	e	 	F	a	r	n	s	w	o	r	t	h
L	u	i	s	 	V	i	z	c	a	i	n	o
M	i	k	e	 	M	y	e	r	s
M	a	r	i	a	n	o	 	R	i	v	e	r	a
I	v	a	n	 	R	o	d	r	i	g	u	e	z
V	a	n	c	e	 	W	i	l	s	o	n
S	e	a	n	 	C	a	s	e	y
C	h	r	i	s	 	S	h	e	l	t	o	n
O	m	a	r	 	I	n	f	a	n	t	e
P	l	a	c	i	d	o	 	P	o	l	a	n	c	o
N	e	i	f	i	 	P	e	r	e	z
C	a	r	l	o	s	 	G	u	i	l	l	e	n
R	a	m	o	n	 	S	a	n	t	i	a	g	o
T	o	n	y	 	G	i	a	r	r	a	t	a	n	o
B	r	a	n	d	o	n	 	I	n	g	e
C	r	a	i	g	 	M	o	n	r	o	e
M	a	g	g	l	i	o	 	O	r	d	o	?	e	z
C	u	r	t	i	s	 	G	r	a	n	d	e	r	s	o	n
B	r	e	n	t	 	C	l	e	v	l	e	n
M	a	r	c	u	s	 	T	h	a	m	e	s
G	a	r	y	 	S	h	e	f	f	i	e	l	d
M	i	k	e	 	R	a	b	e	l	o
Z	a	c	h	 	M	i	n	e	r
J	e	r	e	m	y	 	B	o	n	d	e	r	m	a	n
N	a	t	e	 	R	o	b	e	r	t	s	o	n
J	u	s	t	i	n	 	V	e	r	l	a	n	d	e	r
V	i	r	g	i	l	 	V	a	s	q	u	e	z
K	e	n	n	y	 	R	o	g	e	r	s
M	i	k	e	 	M	a	r	o	t	h
F	e	r	n	a	n	d	o	 	R	o	d	n	e	y
C	h	a	d	 	D	u	r	b	i	n
J	a	s	o	n	 	G	r	i	l	l	i
J	o	s	e	 	M	e	s	a
T	o	d	d	 	J	o	n	e	s
J	o	e	l	 	Z	u	m	a	y	a
J	o	r	d	a	n	 	T	a	t	a
A	n	d	r	e	w	 	M	i	l	l	e	r
Y	o	r	m	a	n	 	B	a	z	a	r	d	o
W	i	l	f	r	e	d	o	 	L	e	d	e	z	m	a
R	o	m	a	n	 	C	o	l	o	n
E	d	w	a	r	d	 	C	a	m	p	u	s	a	n	o
R	e	n	e	 	R	i	v	e	r	a
K	e	n	j	i	 	J	o	h	j	i	m	a
R	i	c	h	i	e	 	S	e	x	s	o	n
B	e	n	 	B	r	o	u	s	s	a	r	d
J	o	s	e	 	L	o	p	e	z
J	o	s	e	 	V	i	d	r	o
Y	u	n	i	e	s	k	y	 	B	e	t	a	n	c	o	u	r	t
O	s	w	a	l	d	o	 	N	a	v	a	r	r	o
A	d	r	i	a	n	 	B	e	l	t	r	e
R	a	u	l	 	I	b	a	n	e	z
J	o	s	e	 	G	u	i	l	l	e	n
J	e	r	e	m	y	 	R	e	e	d
W	i	l	l	i	e	 	B	l	o	o	m	q	u	i	s	t
A	d	a	m	 	J	o	n	e	s
I	c	h	i	r	o	 	S	u	z	u	k	i
M	i	k	e	 	M	o	r	s	e
F	e	l	i	x	 	H	e	r	n	a	n	d	e	z
R	y	a	n	 	F	e	i	e	r	a	b	e	n	d
S	e	a	n	 	W	h	i	t	e
H	o	r	a	c	i	o	 	R	a	m	i	r	e	z
C	h	a	 	B	a	e	k
M	i	g	u	e	l	 	B	a	t	i	s	t	a
J	e	f	f	 	W	e	a	v	e	r
J	a	r	r	o	d	 	W	a	s	h	b	u	r	n
G	e	o	r	g	e	 	S	h	e	r	r	i	l	l
J	u	l	i	o	 	M	a	t	e	o
J	.	J	.	 	P	u	t	z
C	h	r	i	s	 	R	e	i	t	s	m	a
C	e	s	a	r	 	J	i	m	e	n	e	z
E	r	i	c	 	O	'	F	l	a	h	e	r	t	y
J	o	n	 	H	u	b	e	r
J	a	k	e	 	W	o	o	d	s
S	e	a	n	 	G	r	e	e	n
M	a	r	k	 	L	o	w	e
J	o	s	h	 	P	a	u	l
D	i	o	n	e	r	 	N	a	v	a	r	r	o
S	h	a	w	n	 	R	i	g	g	a	n	s
T	y	 	W	i	g	g	i	n	t	o	n
B	r	e	n	d	a	n	 	H	a	r	r	i	s
J	o	r	g	e	 	C	a	n	t	u
B	e	n	 	Z	o	b	r	i	s	t
B	.	J	.	 	U	p	t	o	n
C	a	r	l	 	C	r	a	w	f	o	r	d
R	o	c	c	o	 	B	a	l	d	e	l	l	i
G	r	e	g	 	N	o	r	t	o	n
E	l	i	j	a	h	 	D	u	k	e	s
D	e	l	m	o	n	 	Y	o	u	n	g
J	o	n	n	y	 	G	o	m	e	s
E	d	w	i	n	 	J	a	c	k	s	o	n
S	c	o	t	t	 	K	a	z	m	i	r
C	a	s	e	y	 	F	o	s	s	u	m
J	a	e	 	S	e	o
J	.	P	.	 	H	o	w	e	l	l
T	i	m	 	C	o	r	c	o	r	a	n
J	a	s	o	n	 	H	a	m	m	e	l
J	a	m	e	s	 	S	h	i	e	l	d	s
B	r	i	a	n	 	S	t	o	k	e	s
J	u	a	n	 	S	a	l	a	s
J	e	f	f	 	R	i	d	g	w	a	y
R	u	d	d	y	 	L	u	g	o
J	a	e	-	K	u	k	 	R	y	u
C	h	a	d	 	O	r	v	e	l	l	a
D	a	n	 	M	i	c	e	l	i
S	e	t	h	 	M	c	C	l	u	n	g
J	o	n	 	S	w	i	t	z	e	r
S	h	a	w	n	 	C	a	m	p
S	c	o	t	t	 	D	o	h	m	a	n	n
J	a	s	o	n	 	L	a	R	u	e
J	o	h	n	 	B	u	c	k
R	y	a	n	 	S	h	e	a	l	y
R	o	s	s	 	G	l	o	a	d
E	s	t	e	b	a	n	 	G	e	r	m	a	n
M	a	r	k	 	G	r	u	d	z	i	e	l	a	n	e	k
A	n	g	e	l	 	S	a	n	c	h	e	z
A	n	g	e	l	 	B	e	r	r	o	a
A	n	d	r	e	s	 	B	l	a	n	c	o
M	a	r	k	 	T	e	a	h	e	n
J	o	e	y	 	G	a	t	h	r	i	g	h	t
D	a	v	i	d	 	D	e	J	e	s	u	s
S	h	a	n	e	 	C	o	s	t	a
M	i	t	c	h	 	M	a	i	e	r
R	e	g	g	i	e	 	S	a	n	d	e	r	s
E	m	i	l	 	B	r	o	w	n
M	i	k	e	 	S	w	e	e	n	e	y
J	o	h	n	 	B	a	l	e
L	u	k	e	 	H	u	d	s	o	n
S	c	o	t	t	 	E	l	a	r	t	o	n
O	d	a	l	i	s	 	P	e	r	e	z
G	i	l	 	M	e	c	h	e
N	e	a	l	 	M	u	s	s	e	r
B	r	i	a	n	 	B	a	n	n	i	s	t	e	r
Z	a	c	k	 	G	r	e	i	n	k	e
J	o	r	g	e	 	D	e	 	L	a	 	R	o	s	a
T	o	d	d	 	W	e	l	l	e	m	e	y	e	r
J	i	m	m	y	 	G	o	b	b	l	e
J	o	e	l	 	P	e	r	a	l	t	a
R	y	a	n	 	B	r	a	u	n
J	o	a	k	i	m	 	S	o	r	i	a
K	e	n	 	R	a	y
D	a	v	i	d	 	R	i	s	k	e
O	c	t	a	v	i	o	 	D	o	t	e	l
J	o	e	 	N	e	l	s	o	n
G	e	r	a	l	d	 	L	a	i	r	d
M	i	g	u	e	l	 	O	j	e	d	a
G	u	i	l	l	e	r	m	o	 	Q	u	i	r	o	z
C	h	r	i	s	 	S	t	e	w	a	r	t
M	a	r	k	 	T	e	i	x	e	i	r	a
I	a	n	 	K	i	n	s	l	e	r
J	o	a	q	u	i	n	 	A	r	i	a	s
M	i	c	h	a	e	l	 	Y	o	u	n	g
H	a	n	k	 	B	l	a	l	o	c	k
M	a	r	l	o	n	 	B	y	r	d
B	r	a	d	 	W	i	l	k	e	r	s	o	n
S	a	m	m	y	 	S	o	s	a
K	e	n	n	y	 	L	o	f	t	o	n
F	r	a	n	k	 	C	a	t	a	l	a	n	o	t	t	o
N	e	l	s	o	n	 	C	r	u	z
J	a	s	o	n	 	B	o	t	t	s
R	o	b	i	n	s	o	n	 	T	e	j	e	d	a
J	o	h	n	 	R	h	e	i	n	e	c	k	e	r
E	d	i	n	s	o	n	 	V	o	l	q	u	e	z
A	.	J	.	 	M	u	r	r	a	y
B	r	a	n	d	o	n	 	M	c	C	a	r	t	h	y
V	i	c	e	n	t	e	 	P	a	d	i	l	l	a
K	e	v	i	n	 	M	i	l	l	w	o	o	d
J	o	h	n	 	K	o	r	o	n	k	a
F	r	a	n	k	 	F	r	a	n	c	i	s	c	o
F	r	a	n	c	i	s	c	o	 	C	r	u	c	e	t	a
A	k	i	n	o	r	i	 	O	t	s	u	k	a
E	r	i	c	 	G	a	g	n	e
R	o	n	 	M	a	h	a	y
J	o	a	q	u	i	n	 	B	e	n	o	i	t
R	i	c	k	 	B	a	u	e	r
J	o	s	h	 	R	u	p	e
W	e	s	 	L	i	t	t	l	e	t	o	n
C	.	J	.	 	W	i	l	s	o	n
S	c	o	t	t	 	F	e	l	d	m	a	n
G	r	e	g	g	 	Z	a	u	n
J	a	s	o	n	 	P	h	i	l	l	i	p	s
L	y	l	e	 	O	v	e	r	b	a	y
R	u	s	s	 	A	d	a	m	s
A	a	r	o	n	 	H	i	l	l
J	a	s	o	n	 	S	m	i	t	h
J	o	h	n	 	M	c	D	o	n	a	l	d
R	o	y	c	e	 	C	l	a	y	t	o	n
T	r	o	y	 	G	l	a	u	s
J	o	h	n	 	H	a	t	t	i	g
R	e	e	d	 	J	o	h	n	s	o	n
A	l	e	x	 	R	i	o	s
V	e	r	n	o	n	 	W	e	l	l	s
F	r	a	n	k	 	T	h	o	m	a	s
A	d	a	m	 	L	i	n	d
S	h	a	u	n	 	M	a	r	c	u	m
C	a	s	e	y	 	J	a	n	s	s	e	n
G	u	s	t	a	v	o	 	C	h	a	c	i	n
A	.	J	.	 	B	u	r	n	e	t	t
R	o	y	 	H	a	l	l	a	d	a	y
J	o	h	n	 	T	h	o	m	s	o	n
T	o	m	o	 	O	h	k	a
B	.	J	.	 	R	y	a	n
S	c	o	t	t	 	D	o	w	n	s
B	r	i	a	n	 	T	a	l	l	e	t
M	a	t	t	 	R	o	n	e	y
T	r	a	c	y	 	T	h	o	r	p	e
J	e	a	n	 	M	a	c	h	i
B	r	a	n	d	o	n	 	L	e	a	g	u	e
D	u	s	t	i	n	 	M	c	G	o	w	a	n
J	a	s	o	n	 	F	r	a	s	o	r
F	r	a	n	c	i	s	c	o	 	R	o	s	a	r	i	o
D	a	v	i	s	 	R	o	m	e	r	o
J	e	r	e	m	y	 	A	c	c	a	r	d	o
M	i	k	e	 	R	e	d	m	o	n	d
J	o	e	 	M	a	u	e	r
C	h	r	i	s	 	H	e	i	n	t	z
J	u	s	t	i	n	 	M	o	r	n	e	a	u
L	u	i	s	 	C	a	s	t	i	l	l	o
A	l	e	x	i	 	C	a	s	i	l	l	a
A	l	e	j	a	n	d	r	o	 	M	a	c	h	a	d	o
J	a	s	o	n	 	B	a	r	t	l	e	t	t
L	u	i	s	 	R	o	d	r	i	g	u	e	z
J	e	f	f	 	C	i	r	i	l	l	o
N	i	c	k	 	P	u	n	t	o
J	a	s	o	n	 	T	y	n	e	r
M	i	c	h	a	e	l	 	C	u	d	d	y	e	r
T	o	r	i	i	 	H	u	n	t	e	r
L	e	w	 	F	o	r	d
J	a	s	o	n	 	K	u	b	e	l
J	o	s	h	 	R	a	b	e
R	o	n	d	e	l	l	 	W	h	i	t	e
R	a	m	o	n	 	O	r	t	i	z
J	o	h	a	n	 	S	a	n	t	a	n	a
C	a	r	l	o	s	 	S	i	l	v	a
M	a	t	t	 	G	a	r	z	a
B	o	o	f	 	B	o	n	s	e	r
F	r	a	n	c	i	s	c	o	 	L	i	r	i	a	n	o
S	c	o	t	t	 	B	a	k	e	r
P	a	t	 	N	e	s	h	e	k
G	l	e	n	 	P	e	r	k	i	n	s
J	u	l	i	o	 	D	e	P	a	u	l	a
J	u	a	n	 	R	i	n	c	o	n
J	e	s	s	e	 	C	r	a	i	n
M	a	t	t	 	G	u	e	r	r	i	e	r
J	o	e	 	N	a	t	h	a	n
D	e	n	n	y	s	 	R	e	y	e	s
B	r	a	y	a	n	 	P	e	?	a
B	r	i	a	n	 	M	c	C	a	n	n
C	r	a	i	g	 	W	i	l	s	o	n
C	h	r	i	s	 	W	o	o	d	w	a	r	d
P	e	t	e	 	O	r	r
M	a	r	t	i	n	 	P	r	a	d	o
T	o	n	y	 	P	e	?	a
E	d	g	a	r	 	R	e	n	t	e	r	i	a
C	h	i	p	p	e	r	 	J	o	n	e	s
W	i	l	l	y	 	A	y	b	a	r
J	e	f	f	 	F	r	a	n	c	o	e	u	r
M	a	t	t	 	D	i	a	z
K	e	l	l	y	 	J	o	h	n	s	o	n
A	n	d	r	u	w	 	J	o	n	e	s
R	y	a	n	 	L	a	n	g	e	r	h	a	n	s
S	c	o	t	t	 	T	h	o	r	m	a	n
T	.	J	.	 	B	o	h	n
T	i	m	 	H	u	d	s	o	n
J	o	n	a	t	h	a	n	 	J	o	h	n	s	o	n
J	o	h	n	 	S	m	o	l	t	z
M	i	k	e	 	H	a	m	p	t	o	n
K	y	l	e	 	D	a	v	i	e	s
C	h	u	c	k	 	J	a	m	e	s
P	h	i	l	 	S	t	o	c	k	m	a	n
M	a	c	a	y	 	M	c	B	r	i	d	e
J	o	e	y	 	D	e	v	i	n	e
P	e	t	e	r	 	M	o	y	l	a	n
M	i	k	e	 	G	o	n	z	a	l	e	z
L	a	n	c	e	 	C	o	r	m	i	e	r
B	l	a	i	n	e	 	B	o	y	e	r
M	a	n	n	y	 	A	c	o	s	t	a
B	o	b	 	W	i	c	k	m	a	n
T	a	n	y	o	n	 	S	t	u	r	t	z	e
O	s	c	a	r	 	V	i	l	l	a	r	r	e	a	l
R	a	f	a	e	l	 	S	o	r	i	a	n	o
C	h	a	d	 	P	a	r	o	n	t	o
T	y	l	e	r	 	Y	a	t	e	s
H	e	n	r	y	 	B	l	a	n	c	o
M	i	c	h	a	e	l	 	B	a	r	r	e	t	t
G	e	o	v	a	n	y	 	S	o	t	o
S	c	o	t	t	 	M	o	o	r	e
D	e	r	r	e	k	 	L	e	e
R	y	a	n	 	T	h	e	r	i	o	t
R	o	n	n	y	 	C	e	d	e	n	o
A	r	a	m	i	s	 	R	a	m	i	r	e	z
C	e	s	a	r	 	I	z	t	u	r	i	s
A	l	f	o	n	s	o	 	S	o	r	i	a	n	o
J	a	c	q	u	e	 	J	o	n	e	s
D	a	r	y	l	e	 	W	a	r	d
C	l	i	f	f	 	F	l	o	y	d
M	a	r	k	 	D	e	R	o	s	a
M	a	t	t	 	M	u	r	t	o	n
B	u	c	k	 	C	o	a	t	s
A	n	g	e	l	 	P	a	g	a	n
S	e	a	n	 	M	a	r	s	h	a	l	l
C	a	r	l	o	s	 	M	a	r	m	o	l
R	y	a	n	 	O	'	M	a	l	l	e	y
J	u	a	n	 	M	a	t	e	o
R	i	c	h	 	H	i	l	l
A	n	g	e	l	 	G	u	z	m	a	n
W	a	d	e	 	M	i	l	l	e	r
J	a	s	o	n	 	M	a	r	q	u	i	s
C	a	r	l	o	s	 	Z	a	m	b	r	a	n	o
T	e	d	 	L	i	l	l	y
M	a	r	k	 	P	r	i	o	r
N	e	a	l	 	C	o	t	t	s
W	i	l	l	 	O	h	m	a	n
S	c	o	t	t	 	E	y	r	e
K	e	r	r	y	 	W	o	o	d
R	y	a	n	 	D	e	m	p	s	t	e	r
B	o	b	 	H	o	w	r	y
M	i	k	e	 	W	u	e	r	t	z
R	o	b	e	r	t	o	 	N	o	v	o	a
C	h	r	i	s	 	S	n	y	d	e	r
M	i	g	u	e	l	 	M	o	n	t	e	r	o
C	o	n	o	r	 	J	a	c	k	s	o	n
R	o	b	b	y	 	H	a	m	m	o	c	k
T	o	n	y	 	C	l	a	r	k
O	r	l	a	n	d	o	 	H	u	d	s	o	n
S	t	e	p	h	e	n	 	D	r	e	w
A	l	b	e	r	t	o	 	C	a	l	l	a	s	p	o
C	h	a	d	 	T	r	a	c	y
C	h	r	i	s	 	Y	o	u	n	g
S	c	o	t	t	 	H	a	i	r	s	t	o	n
C	a	r	l	o	s	 	Q	u	e	n	t	i	n
J	e	f	f	 	D	a	V	a	n	o	n
E	r	i	c	 	B	y	r	n	e	s
L	i	v	a	n	 	H	e	r	n	a	n	d	e	z
D	o	u	g	 	D	a	v	i	s
R	a	n	d	y	 	J	o	h	n	s	o	n
J	u	a	n	 	C	r	u	z
B	r	a	n	d	o	n	 	W	e	b	b
E	n	r	i	q	u	e	 	G	o	n	z	a	l	e	z
D	a	n	a	 	E	v	e	l	a	n	d
B	r	a	n	d	o	n	 	M	e	d	d	e	r	s
T	o	n	y	 	P	e	?	a
D	o	u	g	 	S	l	a	t	e	n
E	d	g	a	r	 	G	o	n	z	a	l	e	z
J	o	s	e	 	V	a	l	v	e	r	d	e
J	o	r	g	e	 	J	u	l	i	o
B	r	a	n	d	o	n	 	L	y	o	n
M	i	g	u	e	l	 	O	l	i	v	o
M	a	t	t	 	T	r	e	a	n	o	r
M	i	k	e	 	J	a	c	o	b	s
D	a	n	 	U	g	g	l	a
R	o	b	e	r	t	 	A	n	d	i	n	o
H	a	n	l	e	y	 	R	a	m	i	r	e	z
M	i	g	u	e	l	 	C	a	b	r	e	r	a
A	a	r	o	n	 	B	o	o	n	e
J	o	e	 	B	o	r	c	h	a	r	d
A	l	f	r	e	d	o	 	A	m	e	z	a	g	a
C	o	d	y	 	R	o	s	s
J	o	s	h	 	W	i	l	l	i	n	g	h	a	m
J	e	r	e	m	y	 	H	e	r	m	i	d	a
E	r	i	c	 	R	e	e	d
R	e	g	g	i	 	A	b	e	r	c	r	o	m	b	i	e
R	i	c	k	y	 	N	o	l	a	s	c	o
A	n	i	b	a	l	 	S	a	n	c	h	e	z
S	c	o	t	t	 	O	l	s	e	n
J	o	s	h	 	J	o	h	n	s	o	n
D	o	n	t	r	e	l	l	e	 	W	i	l	l	i	s
L	o	g	a	n	 	K	e	n	s	i	n	g
S	e	r	g	i	o	 	M	i	t	r	e
K	e	v	i	n	 	G	r	e	g	g
T	r	a	v	i	s	 	B	o	w	y	e	r
R	e	n	y	e	l	 	P	i	n	t	o
R	a	n	d	y	 	M	e	s	s	e	n	g	e	r
Y	u	s	m	e	i	r	o	 	P	e	t	i	t
C	a	r	l	o	s	 	M	a	r	t	i	n	e	z
T	a	y	l	o	r	 	T	a	n	k	e	r	s	l	e	y
H	e	n	r	y	 	O	w	e	n	s
J	o	s	e	 	G	a	r	c	i	a
M	a	t	t	 	L	i	n	d	s	t	r	o	m
J	a	v	i	e	r	 	V	a	l	e	n	t	i	n
C	h	a	d	 	M	o	e	l	l	e	r
D	a	v	i	d	 	R	o	s	s
J	o	e	y	 	V	o	t	t	o
S	c	o	t	t	 	H	a	t	t	e	b	e	r	g
B	r	a	n	d	o	n	 	P	h	i	l	l	i	p	s
J	u	a	n	 	C	a	s	t	r	o
A	l	e	x	 	G	o	n	z	a	l	e	z
M	a	r	k	 	B	e	l	l	h	o	r	n
E	d	w	i	n	 	E	n	c	a	r	n	a	c	i	o	n
J	e	f	f	 	K	e	p	p	i	n	g	e	r
N	o	r	r	i	s	 	H	o	p	p	e	r
C	h	r	i	s	 	D	e	n	o	r	f	i	a
A	d	a	m	 	D	u	n	n
B	u	b	b	a	 	C	r	o	s	b	y
J	e	f	f	 	C	o	n	i	n	e
K	e	n	 	G	r	i	f	f	e	y	 	J	r	.
J	o	s	h	 	H	a	m	i	l	t	o	n
R	y	a	n	 	F	r	e	e	l
K	y	l	e	 	L	o	h	s	e
B	r	o	n	s	o	n	 	A	r	r	o	y	o
E	r	i	c	 	M	i	l	t	o	n
A	a	r	o	n	 	H	a	r	a	n	g
K	i	r	k	 	S	a	a	r	l	o	o	s
E	l	i	z	a	r	d	o	 	R	a	m	i	r	e	z
T	o	d	d	 	C	o	f	f	e	y
B	r	i	a	n	 	S	h	a	c	k	e	l	f	o	r	d
B	i	l	l	 	B	r	a	y
B	o	b	b	y	 	L	i	v	i	n	g	s	t	o	n
M	a	t	t	 	B	e	l	i	s	l	e
G	a	r	y	 	M	a	j	e	w	s	k	i
M	i	k	e	 	S	t	a	n	t	o	n
B	r	a	d	 	S	a	l	m	o	n
J	a	r	e	d	 	B	u	r	t	o	n
D	a	v	i	d	 	W	e	a	t	h	e	r	s
R	h	e	a	l	 	C	o	r	m	i	e	r
Y	o	r	v	i	t	 	T	o	r	r	e	a	l	b	a
C	h	r	i	s	 	I	a	n	n	e	t	t	a
A	l	v	i	n	 	C	o	l	i	n	a
T	o	d	d	 	H	e	l	t	o	n
J	a	m	e	y	 	C	a	r	r	o	l	l
K	a	z	 	M	a	t	s	u	i
T	r	o	y	 	T	u	l	o	w	i	t	z	k	i
C	l	i	n	t	 	B	a	r	m	e	s
G	a	r	r	e	t	t	 	A	t	k	i	n	s
R	y	a	n	 	S	p	i	l	b	o	r	g	h	s
C	o	r	y	 	S	u	l	l	i	v	a	n
J	e	f	f	 	S	a	l	a	z	a	r
W	i	l	l	y	 	T	a	v	e	r	a	s
M	a	t	t	 	H	o	l	l	i	d	a	y
B	r	a	d	 	H	a	w	p	e
J	e	f	f	 	B	a	k	e	r
J	a	v	y	 	L	o	p	e	z
B	y	u	n	g	-	H	y	u	n	 	K	i	m
R	o	d	r	i	g	o	 	L	o	p	e	z
B	r	i	a	n	 	L	a	w	r	e	n	c	e
J	o	s	h	 	F	o	g	g
A	a	r	o	n	 	C	o	o	k
D	e	n	n	y	 	B	a	u	t	i	s	t	a
U	b	a	l	d	o	 	J	i	m	e	n	e	z
J	a	s	o	n	 	H	i	r	s	h
J	e	f	f	 	F	r	a	n	c	i	s
T	a	y	l	o	r	 	B	u	c	h	h	o	l	z
R	y	a	n	 	S	p	e	i	e	r
R	a	m	o	n	 	R	a	m	i	r	e	z
M	a	n	n	y	 	C	o	r	p	a	s
J	u	a	n	 	M	o	r	i	l	l	o
B	r	i	a	n	 	F	u	e	n	t	e	s
L	a	T	r	o	y	 	H	a	w	k	i	n	s
T	o	m	 	M	a	r	t	i	n
J	e	r	e	m	y	 	A	f	f	e	l	d	t
P	a	u	l	 	L	o	 	D	u	c	a
R	a	m	o	n	 	C	a	s	t	r	o
J	u	l	i	o	 	F	r	a	n	c	o
C	a	r	l	o	s	 	D	e	l	g	a	d	o
J	o	s	e	 	V	a	l	e	n	t	i	n
A	n	d	e	r	s	o	n	 	H	e	r	n	a	n	d	e	z
D	a	m	i	o	n	 	E	a	s	l	e	y
J	o	s	e	 	R	e	y	e	s
D	a	v	i	d	 	W	r	i	g	h	t
B	e	n	 	J	o	h	n	s	o	n
E	n	d	y	 	C	h	a	v	e	z
D	a	v	i	d	 	N	e	w	h	a	n
C	a	r	l	o	s	 	B	e	l	t	r	a	n
S	h	a	w	n	 	G	r	e	e	n
M	o	i	s	e	s	 	A	l	o	u
L	a	s	t	i	n	g	s	 	M	i	l	l	e	d	g	e
A	l	a	y	 	S	o	l	e	r
M	i	k	e	 	P	e	l	f	r	e	y
P	e	d	r	o	 	M	a	r	t	i	n	e	z
T	o	m	 	G	l	a	v	i	n	e
C	h	a	n	 	H	o	 	P	a	r	k
O	r	l	a	n	d	o	 	H	e	r	n	a	n	d	e	z
D	a	v	e	 	W	i	l	l	i	a	m	s
O	l	i	v	e	r	 	P	e	r	e	z
J	o	h	n	 	M	a	i	n	e
M	a	r	c	o	s	 	C	a	r	v	a	j	a	l
A	m	b	i	o	r	i	x	 	B	u	r	g	o	s
J	a	s	o	n	 	V	a	r	g	a	s
J	o	n	 	A	d	k	i	n	s
J	u	a	n	 	P	a	d	i	l	l	a
D	u	a	n	e	r	 	S	a	n	c	h	e	z
P	e	d	r	o	 	F	e	l	i	c	i	a	n	o
A	a	r	o	n	 	H	e	i	l	m	a	n
J	o	r	g	e	 	S	o	s	a
S	c	o	t	t	 	S	c	h	o	e	n	e	w	e	i	s
G	u	i	l	l	e	r	m	o	 	M	o	t	a
B	i	l	l	y	 	W	a	g	n	e	r
P	h	i	l	i	p	 	H	u	m	b	e	r
B	r	a	d	 	A	u	s	m	u	s
H	u	m	b	e	r	t	o	 	Q	u	i	n	t	e	r	o
H	e	c	t	o	r	 	G	i	m	e	n	e	z
L	a	n	c	e	 	B	e	r	k	m	a	n
M	i	k	e	 	L	a	m	b
M	a	r	k	 	L	o	r	e	t	t	a
C	r	a	i	g	 	B	i	g	g	i	o
B	r	o	o	k	s	 	C	o	n	r	a	d
C	h	r	i	s	 	B	u	r	k	e
E	r	i	c	 	B	r	u	n	t	l	e	t	t
A	d	a	m	 	E	v	e	r	e	t	t
M	o	r	g	a	n	 	E	n	s	b	e	r	g
C	a	r	l	o	s	 	L	e	e
J	a	s	o	n	 	L	a	n	e
O	r	l	a	n	d	o	 	P	a	l	m	e	i	r	o
L	u	k	e	 	S	c	o	t	t
C	h	a	r	l	t	o	n	 	J	i	m	e	r	s	o	n
F	e	r	n	a	n	d	o	 	N	i	e	v	e
W	a	n	d	y	 	R	o	d	r	i	g	u	e	z
B	r	a	n	d	o	n	 	B	a	c	k	e
M	a	t	t	 	A	l	b	e	r	s
W	o	o	d	y	 	W	i	l	l	i	a	m	s
R	o	y	 	O	s	w	a	l	t
J	a	s	o	n	 	J	e	n	n	i	n	g	s
M	i	g	u	e	l	 	A	s	e	n	c	i	o
B	r	a	d	 	L	i	d	g	e
T	r	e	v	e	r	 	M	i	l	l	e	r
D	a	v	i	d	 	B	o	r	k	o	w	s	k	i
D	a	n	 	W	h	e	e	l	e	r
P	a	u	l	 	E	s	t	r	a	d	a
L	i	n	c	o	l	n	 	H	o	l	d	z	k	o	m
C	h	r	i	s	 	S	a	m	p	s	o	n
C	h	a	d	 	Q	u	a	l	l	s
E	z	e	q	u	i	e	l	 	A	s	t	a	c	i	o
M	i	k	e	 	L	i	e	b	e	r	t	h	a	l
R	u	s	s	e	l	l	 	M	a	r	t	i	n
O	l	m	e	d	o	 	S	a	e	n	z
J	a	m	e	s	 	L	o	n	e	y
N	o	m	a	r	 	G	a	r	c	i	a	p	a	r	r	a
J	e	f	f	 	K	e	n	t
R	a	m	o	n	 	M	a	r	t	i	n	e	z
M	a	r	l	o	n	 	A	n	d	e	r	s	o	n
R	a	f	a	e	l	 	F	u	r	c	a	l
W	i	l	s	o	n	 	B	e	t	e	m	i	t
A	n	d	y	 	L	a	R	o	c	h	e
M	a	t	t	 	K	e	m	p
A	n	d	r	e	 	E	t	h	i	e	r
D	e	l	w	y	n	 	Y	o	u	n	g
J	a	s	o	n	 	R	e	p	k	o
J	u	a	n	 	P	i	e	r	r	e
L	u	i	s	 	G	o	n	z	a	l	e	z
J	a	s	o	n	 	S	c	h	m	i	d	t
R	a	n	d	y	 	W	o	l	f
B	r	a	d	 	P	e	n	n	y
D	e	r	e	k	 	L	o	w	e
M	a	r	k	 	H	e	n	d	r	i	c	k	s	o	n
C	h	a	d	 	B	i	l	l	i	n	g	s	l	e	y
T	a	k	a	s	h	i	 	S	a	i	t	o
J	o	n	a	t	h	a	n	 	B	r	o	x	t	o	n
H	o	n	g	-	C	h	i	h	 	K	u	o
E	r	i	c	 	S	t	u	l	t	s
C	h	i	n	-	H	u	i	 	T	s	a	o
T	i	m	 	H	a	m	u	l	a	c	k
Y	h	e	n	c	y	 	B	r	a	z	o	b	a	n
B	r	e	t	t	 	T	o	m	k	o
J	o	e	 	B	e	i	m	e	l
E	l	m	e	r	 	D	e	s	s	e	n	s
R	y	a	n	 	B	u	d	d	e
R	o	d	 	B	a	r	a	j	a	s
C	a	r	l	o	s	 	R	u	i	z
C	h	r	i	s	 	C	o	s	t	e
R	y	a	n	 	H	o	w	a	r	d
W	e	s	 	H	e	l	m	s
C	h	a	s	e	 	U	t	l	e	y
D	a	n	n	y	 	S	a	n	d	o	v	a	l
J	i	m	m	y	 	R	o	l	l	i	n	s
A	b	r	a	h	a	m	 	N	u	?	e	z
M	i	c	h	a	e	l	 	B	o	u	r	n
C	h	r	i	s	 	R	o	b	e	r	s	o	n
J	a	y	s	o	n	 	W	e	r	t	h
S	h	a	n	e	 	V	i	c	t	o	r	i	n	o
A	a	r	o	n	 	R	o	w	a	n	d
P	a	t	 	B	u	r	r	e	l	l
G	r	e	g	 	D	o	b	b	s
C	o	l	e	 	H	a	m	e	l	s
A	l	f	r	e	d	o	 	S	i	m	o	n
S	c	o	t	t	 	M	a	t	h	i	e	s	o	n
F	r	e	d	d	y	 	G	a	r	c	i	a
J	a	m	i	e	 	M	o	y	e	r
J	o	n	 	L	i	e	b	e	r
B	r	e	t	t	 	M	y	e	r	s
A	d	a	m	 	E	a	t	o	n
G	e	o	f	f	 	G	e	a	r	y
C	l	a	y	 	C	o	n	d	r	e	y
R	y	a	n	 	M	a	d	s	o	n
A	n	t	o	n	i	o	 	A	l	f	o	n	s	e	c	a
T	o	m	 	G	o	r	d	o	n
B	r	i	a	n	 	S	a	n	c	h	e	s
J	i	m	 	E	d	 	W	a	r	d	e	n
A	n	d	e	r	s	o	n	 	G	a	r	c	i	a
E	u	d	e	 	B	r	i	t	o
F	a	b	i	o	 	C	a	s	t	r	o
M	a	t	t	 	S	m	i	t	h
D	a	m	i	a	n	 	M	i	l	l	e	r
J	o	h	n	n	y	 	E	s	t	r	a	d	a
M	i	k	e	 	R	i	v	e	r	a
J	.	D	.	 	C	l	o	s	s	e	r
P	r	i	n	c	e	 	F	i	e	l	d	e	r
R	i	c	k	i	e	 	W	e	e	k	s
T	o	n	y	 	G	r	a	f	f	a	n	i	n	o
C	r	a	i	g	 	C	o	u	n	s	e	l	l
J	.	J	.	 	H	a	r	d	y
B	i	l	l	 	H	a	l	l
V	i	n	n	y	 	R	o	t	t	i	n	o
C	o	r	e	y	 	K	o	s	k	i	e
K	e	v	i	n	 	M	e	n	c	h
G	e	o	f	f	 	J	e	n	k	i	n	s
B	r	a	d	y	 	C	l	a	r	k
T	o	n	y	 	G	w	y	n	n	 	J	r	.
C	o	r	e	y	 	H	a	r	t
G	a	b	e	 	G	r	o	s	s
L	a	y	n	c	e	 	N	i	x
D	r	e	w	 	A	n	d	e	r	s	o	n
C	l	a	u	d	i	o	 	V	a	r	g	a	s
C	h	r	i	s	 	C	a	p	u	a	n	o
B	e	n	 	H	e	n	d	r	i	c	k	s	o	n
D	a	v	e	 	B	u	s	h
C	a	r	l	o	s	 	V	i	l	l	a	n	u	e	v	a
B	e	n	 	S	h	e	e	t	s
J	e	f	f	 	S	u	p	p	a	n
B	r	i	a	n	 	S	h	o	u	s	e
F	r	a	n	c	i	s	c	o	 	C	o	r	d	e	r	o
D	e	r	r	i	c	k	 	T	u	r	n	b	o	w
M	a	t	t	 	W	i	s	e
G	r	a	n	t	 	B	a	l	f	o	u	r
D	e	n	n	i	s	 	S	a	r	f	a	t	e
J	o	s	e	 	C	a	p	e	l	l	a	n
G	r	e	g	 	A	q	u	i	n	o
J	o	s	h	 	B	a	r	d
R	o	b	 	B	o	w	e	n
A	d	r	i	a	n	 	G	o	n	z	a	l	e	z
M	a	r	c	u	s	 	G	i	l	e	s
T	o	d	d	 	W	a	l	k	e	r
G	e	o	f	f	 	B	l	u	m
K	h	a	l	i	l	 	G	r	e	e	n	e
P	a	u	l	 	M	c	A	n	u	l	t	y
T	e	r	r	m	e	l	 	S	l	e	d	g	e
J	a	c	k	 	C	u	s	t
J	o	s	e	 	C	r	u	z	 	J	r	.
R	u	s	s	e	l	l	 	B	r	a	n	y	a	n
M	i	k	e	 	C	a	m	e	r	o	n
B	r	i	a	n	 	G	i	l	e	s
K	e	v	i	n	 	K	o	u	z	m	a	n	o	f	f
M	i	k	e	 	T	h	o	m	p	s	o	n
C	l	a	y	 	H	e	n	s	l	e	y
C	h	r	i	s	 	Y	o	u	n	g
G	r	e	g	 	M	a	d	d	u	x
J	a	k	e	 	P	e	a	v	y
S	c	o	t	t	 	C	a	s	s	i	d	y
S	c	o	t	t	 	S	t	r	i	c	k	l	a	n	d
S	c	o	t	t	 	L	i	n	e	b	r	i	n	k
D	o	u	g	 	B	r	o	c	a	i	l
T	r	e	v	o	r	 	H	o	f	f	m	a	n
H	e	a	t	h	 	B	e	l	l
R	o	y	c	e	 	R	i	n	g
C	l	a	 	M	e	r	e	d	i	t	h
A	n	d	r	e	w	 	B	r	o	w	n
M	i	k	e	 	A	d	a	m	s
J	u	s	t	i	n	 	H	a	m	p	s	o	n
K	e	v	i	n	 	C	a	m	e	r	o	n
R	y	a	n	 	K	e	t	c	h	n	e	r
B	r	i	a	n	 	S	c	h	n	e	i	d	e	r
J	e	s	u	s	 	F	l	o	r	e	s
L	a	r	r	y	 	B	r	o	a	d	w	a	y
N	i	c	k	 	J	o	h	n	s	o	n
B	e	r	n	i	e	 	C	a	s	t	r	o
J	o	s	h	 	W	i	l	s	o	n
C	r	i	s	t	i	a	n	 	G	u	z	m	a	n
F	e	l	i	p	e	 	L	o	p	e	z
R	y	a	n	 	Z	i	m	m	e	r	m	a	n
N	o	o	k	 	L	o	g	a	n
R	y	a	n	 	C	h	u	r	c	h
K	o	r	y	 	C	a	s	t	o
M	i	k	e	 	R	e	s	t	o	v	i	c	h
A	l	e	x	 	E	s	c	o	b	a	r
A	u	s	t	i	n	 	K	e	a	r	n	s
C	h	r	i	s	 	S	n	e	l	l	i	n	g
B	i	l	l	y	 	T	r	a	b	e	r
T	i	m	 	R	e	d	d	i	n	g
J	o	h	n	 	P	a	t	t	e	r	s	o	n
S	h	a	w	n	 	H	i	l	l
J	o	e	l	 	H	a	n	r	a	h	a	n
M	i	k	e	 	O	'	C	o	n	n	o	r
E	m	i	l	i	a	n	o	 	F	r	u	t	o
C	h	r	i	s	 	S	c	h	r	o	d	e	r
B	r	e	t	t	 	C	a	m	p	b	e	l	l
B	e	l	t	r	a	n	 	P	e	r	e	z
L	e	v	a	l	e	 	S	p	e	i	g	n	e	r
J	a	s	o	n	 	B	e	r	g	m	a	n	n
S	a	u	l	 	R	i	v	e	r	a
C	h	r	i	s	 	B	o	o	k	e	r
M	i	c	a	h	 	B	o	w	i	e
J	o	n	 	R	a	u	c	h
J	e	r	o	m	e	 	W	i	l	l	i	a	m	s
L	u	i	s	 	A	y	a	l	a
R	y	a	n	 	W	a	g	n	e	r
C	h	a	d	 	C	o	r	d	e	r	o
H	u	m	b	e	r	t	o	 	C	o	t	a
R	o	n	n	y	 	P	a	u	l	i	n	o
A	d	a	m	 	L	a	R	o	c	h	e
R	y	a	n	 	D	o	u	m	i	t
B	r	a	d	 	E	l	d	r	e	d
J	o	s	e	 	C	a	s	t	i	l	l	o
J	a	c	k	 	W	i	l	s	o	n
F	r	e	d	d	y	 	S	a	n	c	h	e	z
J	a	s	o	n	 	B	a	y
J	o	s	e	 	B	a	u	t	i	s	t	a
X	a	v	i	e	r	 	N	a	d	y
J	o	d	y	 	G	e	r	u	t
N	a	t	e	 	M	c	L	o	u	t	h
C	h	r	i	s	 	D	u	f	f	y
R	a	j	a	i	 	D	a	v	i	s
S	h	a	n	e	 	Y	o	u	m	a	n
Y	o	s	l	a	n	 	H	e	r	r	e	r	a
J	o	s	h	 	S	h	o	r	t	s	l	e	f
Z	a	c	h	 	D	u	k	e
P	a	u	l	 	M	a	h	o	l	m
T	o	m	 	G	o	r	z	e	l	a	n	n	y
S	h	a	w	n	 	C	h	a	c	o	n
T	o	n	y	 	A	r	m	a	s	 	J	r	.
I	a	n	 	S	n	e	l	l
S	e	a	n	 	B	u	r	n	e	t	t
J	o	h	n	 	G	r	a	b	o	w
M	a	r	t	y	 	M	c	L	e	a	r	y
S	a	l	o	m	o	n	 	T	o	r	r	e	s
D	a	m	a	s	o	 	M	a	r	t	e
M	a	t	t	 	C	a	p	p	s
J	o	s	h	 	S	h	a	r	p	l	e	s	s
B	r	y	a	n	 	B	u	l	l	i	n	g	t	o	n
J	o	n	a	h	 	B	a	y	l	i	s	s
B	r	i	a	n	 	R	o	g	e	r	s
J	u	a	n	 	P	e	r	e	z
B	e	n	g	i	e	 	M	o	l	i	n	a
E	l	i	e	z	e	r	 	A	l	f	o	n	z	o
L	a	n	c	e	 	N	i	e	k	r	o
M	a	r	k	 	S	w	e	e	n	e	y
R	a	y	 	D	u	r	h	a	m
K	e	v	i	n	 	F	r	a	n	d	s	e	n
O	m	a	r	 	V	i	z	q	u	e	l
R	i	c	h	 	A	u	r	i	l	i	a
P	e	d	r	o	 	F	e	l	i	z
T	o	d	d	 	L	i	n	d	e	n
D	a	v	e	 	R	o	b	e	r	t	s
J	a	s	o	n	 	E	l	l	i	s	o	n
R	a	n	d	y	 	W	i	n	n
R	y	a	n	 	K	l	e	s	k	o
B	a	r	r	y	 	B	o	n	d	s
F	r	e	d	 	L	e	w	i	s
K	e	l	y	n	 	A	c	o	s	t	a
J	o	n	a	t	h	a	n	 	S	a	n	c	h	e	z
M	a	t	t	 	C	a	i	n
M	a	t	t	 	M	o	r	r	i	s
R	u	s	s	 	O	r	t	i	z
N	o	a	h	 	L	o	w	r	y
B	a	r	r	y	 	Z	i	t	o
V	i	n	n	i	e	 	C	h	u	l	k
K	e	v	i	n	 	C	o	r	r	e	i	a
S	t	e	v	e	 	K	l	i	n	e
A	r	m	a	n	d	o	 	B	e	n	i	t	e	z
S	c	o	t	t	 	M	u	n	t	e	r
J	a	c	k	 	T	a	s	c	h	n	e	r
B	r	i	a	n	 	W	i	l	s	o	n
M	e	r	k	i	n	 	V	a	l	d	e	z
B	r	a	d	 	H	e	n	n	e	s	s	e	y
B	i	l	l	y	 	S	a	d	l	e	r
P	a	t	 	M	i	s	c	h
G	a	r	y	 	B	e	n	n	e	t	t
Y	a	d	i	e	r	 	M	o	l	i	n	a
J	o	h	n	 	N	e	l	s	o	n
A	l	b	e	r	t	 	P	u	j	o	l	s
A	d	a	m	 	K	e	n	n	e	d	y
A	a	r	o	n	 	M	i	l	e	s
D	a	v	i	d	 	E	c	k	s	t	e	i	n
S	c	o	t	t	 	R	o	l	e	n
S	c	o	t	t	 	S	p	i	e	z	i	o
J	i	m	 	E	d	m	o	n	d	s
S	o	 	T	a	g	u	c	h	i
J	u	a	n	 	E	n	c	a	r	n	a	c	i	o	n
S	k	i	p	 	S	c	h	u	m	a	k	e	r
J	o	h	n	 	R	o	d	r	i	g	u	e	z
C	h	r	i	s	 	D	u	n	c	a	n
A	d	a	m	 	W	a	i	n	w	r	i	g	h	t
M	a	r	k	 	M	u	l	d	e	r
A	n	t	h	o	n	y	 	R	e	y	e	s
R	y	a	n	 	F	r	a	n	k	l	i	n
K	i	p	 	W	e	l	l	s
C	h	r	i	s	 	C	a	r	p	e	n	t	e	r
R	u	s	s	 	S	p	r	i	n	g	e	r
J	a	s	o	n	 	I	s	r	i	n	g	h	a	u	s	e	n
R	i	c	a	r	d	o	 	R	i	n	c	o	n
B	r	a	d	e	n	 	L	o	o	p	e	r
R	a	n	d	y	 	F	l	o	r	e	s
J	o	s	h	 	H	a	n	c	o	c	k
B	r	a	d	 	T	h	o	m	p	s	o	n
T	y	l	e	r	 	J	o	h	n	s	o	n
C	h	r	i	s	 	N	a	r	v	e	s	o	n
R	a	n	d	y	 	K	e	i	s	l	e	r
J	o	s	h	 	K	i	n	n	e	y

